<application>
  <component name="FileTypeManager" version="18">
    <extensionMap>
      <mapping ext="space.kts" type="Kotlin" />
      <mapping ext="gradle.kts" type="Kotlin" />
      <mapping ext="main.kts" type="Kotlin" />
      <mapping ext="plantuml" type="PlantUML file" />
      <mapping ext=".tabnine.model" type="Tabnine project model file" />
      <mapping ext=".tabnine" type="Tabnine project model file" />
      <mapping ext=".model" type="Tabnine project model file" />
      <mapping ext="tabnine" type="Tabnine project model file" />
      <mapping ext="model" type="Tabnine project model file" />
      <removed_mapping ext="apk" approved="true" type="ARCHIVE" />
      <removed_mapping ext="csv" approved="true" type="CSV/TSV" />
      <removed_mapping ext="graphqlconfig" approved="true" type="JSON" />
      <removed_mapping ext="psd" approved="true" type="Image" />
      <removed_mapping ext="sql" approved="true" type="SQL" />
      <removed_mapping ext="tsv" approved="true" type="CSV/TSV" />
    </extensionMap>
  </component>
</application>