<application>
  <component name="ProjectManager">
    <defaultProject>
      <component name="DiscordProjectSettings">
        <option name="show" value="ASK" />
        <option name="description" value="" />
      </component>
      <component name="KotlinMultiplatform">
        <allAvailableExecutables />
      </component>
      <component name="PropertiesComponent">
        <property name="go.import.settings.migrated" value="true" />
        <property name="settings.editor.selected.configurable" value="ssh.settings" />
      </component>
    </defaultProject>
  </component>
</application>