<application>
  <component name="SshConfigs">
    <configs>
      <sshConfig authType="PASSWORD" host="192.168.18.10" id="8eed1deb-23d4-40dd-96b4-403e52cdbe0a" port="22" customName="ryotaro@192.168.18.10" nameFormat="CUSTOM" username="ryotaro" useOpenSSHConfig="false">
        <option name="customName" value="ryotaro@192.168.18.10" />
      </sshConfig>
      <sshConfig host="192.168.18.35" id="9bdbc19f-2190-4a23-9f93-599ee02d917e" keyPath="$USER_HOME$/.ssh/id_rsa" port="22" customName="ryotaro@192.168.18.35" nameFormat="CUSTOM" username="ryotaro" useOpenSSHConfig="true">
        <option name="customName" value="ryotaro@192.168.18.35" />
      </sshConfig>
      <sshConfig host="violet.ogontaro.github.beta.tailscale.net" id="227b9e57-c80b-4516-baa8-5cbd027135e5" keyPath="$USER_HOME$/.ssh/id_rsa" port="22" nameFormat="DESCRIPTIVE" username="ryotaro" useOpenSSHConfig="true" />
      <sshConfig authType="PASSWORD" host="shana.ogontaro.github.beta.tailscale.net" id="a094c1f4-9e56-4c36-aaca-f63ffd395d60" port="22" nameFormat="DESCRIPTIVE" username="ryotaro" useOpenSSHConfig="true" />
    </configs>
  </component>
</application>